"conversation_id_str","created_at","favorite_count","full_text","id_str","image_url","in_reply_to_screen_name","lang","location","quote_count","reply_count","retweet_count","tweet_url","user_id_str","username"
"1775173927234392162","Tue Apr 02 14:50:20 +0000 2024","3079","kpop stans thinking y2k is a music genre is so https://t.co/Jlmr4BDAe5","1775173927234392162","https://pbs.twimg.com/media/GKKvRu3WgAAOt1e.jpg","","en","room 227 | she/her ","27","24","268","https://twitter.com/j3anies/status/1775173927234392162","1591331785601945604","j3anies"
"1775135702797484054","Tue Apr 02 12:18:26 +0000 2024","1844","yang nulis : https://t.co/tya4Je5Gvd","1775135702797484054","https://pbs.twimg.com/amplify_video_thumb/1775135620157116416/img/ZeY7n1GsO5EETppO.jpg","","in","","29","57","246","https://twitter.com/HaveAniesDay/status/1775135702797484054","801803551525605376","HaveAniesDay"
"1775148445583491156","Tue Apr 02 13:09:04 +0000 2024","244","behind the scenes danielle you will always be famous https://t.co/zja3FecC3Q","1775148445583491156","https://pbs.twimg.com/media/GKKYGhtWQAEW--g.jpg","","en","room 227 | she/her ","3","1","37","https://twitter.com/j3anies/status/1775148445583491156","1591331785601945604","j3anies"
"1775164088701645043","Tue Apr 02 14:11:14 +0000 2024","193","I love when crowds sing newjeans songs line for line https://t.co/0feJOGaOC8","1775164088701645043","https://pbs.twimg.com/ext_tw_video_thumb/1775164015368396800/pu/img/crSIRUYAKCq8rMWR.jpg","","en","room 227 | she/her ","1","1","25","https://twitter.com/j3anies/status/1775164088701645043","1591331785601945604","j3anies"
"1775197136268771357","Tue Apr 02 16:22:33 +0000 2024","348","one thing about newjeans is that they can both sing and have fun during their encores https://t.co/gWYzjejowJ","1775197136268771357","https://pbs.twimg.com/ext_tw_video_thumb/1775197027791511552/pu/img/zx-gIeu2gasjCloe.jpg","","en","room 227 | she/her ","2","0","62","https://twitter.com/j3anies/status/1775197136268771357","1591331785601945604","j3anies"
"1775196283084361949","Tue Apr 02 16:19:10 +0000 2024","54","their live vocals at lolla were everything https://t.co/IURgyiuSfv","1775196283084361949","https://pbs.twimg.com/ext_tw_video_thumb/1742670917707218944/pu/img/9oPh_hyW5VnwmzBc.jpg","","en","room 227 | she/her ","0","1","10","https://twitter.com/j3anies/status/1775196283084361949","1591331785601945604","j3anies"
"1775190992276353041","Tue Apr 02 15:58:08 +0000 2024","182","Teruntuk KPU SAMA BAWASLU Lawan kalian pak Anies bukan prabowo waktu 2019 kalian boleeh begoin orang bodoh tapi belum tentu dengan orang cerdas sekelas pak Anies Kalau kalian mau liat kualitas seseorang taro mereka dalam sebuah masalah inilah masalah pilpres sekarang https://t.co/CnOGcwDBsq","1775190992276353041","https://pbs.twimg.com/media/GKK-yuibAAA1KlH.jpg","","in","","1","12","41","https://twitter.com/nialubis_/status/1775190992276353041","1604860300573802497","nialubis_"
"1773949560907538662","Sat Mar 30 05:45:08 +0000 2024","189","Hotman ketangkap kamera minta selfie sama Pak Anies Ternyata ngefans juga dia https://t.co/BHM7pXStll","1773949560907538662","https://pbs.twimg.com/ext_tw_video_thumb/1773949425507000320/pu/img/7AXer-cD4r9EwDg4.jpg","","in","","0","9","50","https://twitter.com/13lue_Oc3an__/status/1773949560907538662","1491586743350411266","13lue_Oc3an__"
"1772948583316140375","Wed Mar 27 11:27:36 +0000 2024","254","PIDATO PAK ANIES RASYID BASWEDAN DI MK. https://t.co/kd5gpdhrqz","1772948583316140375","https://pbs.twimg.com/ext_tw_video_thumb/1772948368677019648/pu/img/BZ4v0DwIPCNxtRdo.jpg","","in","","1","11","63","https://twitter.com/Ryan_Al_Faqir/status/1772948583316140375","1570327716611891201","Ryan_Al_Faqir"
"1773692266600620541","Fri Mar 29 12:42:44 +0000 2024","2306","Prof. Denny Indrayana Prediksi MK akan Kabulkan Gugatan Anies &amp; Ganjar https://t.co/BidEWz2Gdi Alhamdulillah tolong sebarkan..!! https://t.co/1DUngMAhbP","1773692266600620541","https://pbs.twimg.com/ext_tw_video_thumb/1773691919715139585/pu/img/I0jbPuEMq8uBsZu8.jpg","","in","jakarta","31","90","797","https://twitter.com/m1n4_95/status/1773692266600620541","1262940294464581637","m1n4_95"
"1773742177501471176","Fri Mar 29 16:01:04 +0000 2024","4232","Inilah adab pemimpin yg mulia yg di miliki Abah aniesbaswedan . Walaupun di hina dan di rendahkan namun ketika bertemu di ruang sidang . Abah Anies Baswedan datang dan menyalami team kuasa hukum 02. Kagum kami pak https://t.co/knBwDd0kHx","1773742177501471176","https://pbs.twimg.com/amplify_video_thumb/1773742073927376896/img/5E0TTYMs2g5TzA_z.jpg","","in","Kota Makassar, Sulawesi Selata","29","113","1040","https://twitter.com/AbdulRachimmks/status/1773742177501471176","1641093904236969992","AbdulRachimmks"
"1772950607331999788","Wed Mar 27 11:35:39 +0000 2024","19047","anies paved the way","1772950607331999788","","","en","01","199","54","4534","https://twitter.com/hunmanity/status/1772950607331999788","725690928","hunmanity"
"1772422739015372998","Tue Mar 26 00:38:05 +0000 2024","2817","Jadilah seperti Pak Anies Baswedan di penuhi dengan hinaan Namun dia tetap berada di posisinya tetapbangga deng√†n barisan PERUBAHAN https://t.co/6yOaJsiuSd","1772422739015372998","https://pbs.twimg.com/amplify_video_thumb/1772422644480274432/img/cjWTaYf63AKADJ45.jpg","","in","Kota Makassar, Sulawesi Selata","5","36","736","https://twitter.com/AbdulRachimmks/status/1772422739015372998","1641093904236969992","AbdulRachimmks"
"1774117331943436721","Sat Mar 30 16:51:48 +0000 2024","91","hari ini ter plot twist banget abis survey kost tb2 diajak ke gramed ketemu pak anies temen sma main ke kampus pizza party sm roomate alhamdulillah terima kasih ya AllahÔ∏è https://t.co/GyI83OoCsU","1774117331943436721","https://pbs.twimg.com/media/GJ7uS4_acAAsdYq.jpg","","in","","0","2","4","https://twitter.com/tauwya/status/1774117331943436721","1397519319731298306","tauwya"
"1774878679660945846","Mon Apr 01 19:17:07 +0000 2024","211","Waduhh..Egi Sujana sebut Anies cuma mau enaknya aja ga mau turun ke lapangan ikut demo padahal yg mau jdi presiden dia malah korbankan pendukungnya. https://t.co/CdAoI1bt00","1774878679660945846","https://pbs.twimg.com/ext_tw_video_thumb/1774878519572750336/pu/img/vmUfSi26ptIsBXkH.jpg","","in","Tanjung Priok, Indonesia","23","102","68","https://twitter.com/genx36545403/status/1774878679660945846","1347031551771430912","genx36545403"
"1773710451555402059","Fri Mar 29 13:55:00 +0000 2024","4635","Media Ternama Al Jazeera Gemakan Gugatan Anies Baswedan Soal Pemilu Ulang ke Dunia https://t.co/Lrlxo9CP8f","1773710451555402059","","","in","Indonesia","24","78","1776","https://twitter.com/democrazymedia/status/1773710451555402059","1243804423001763841","democrazymedia"
"1774915381855125870","Mon Apr 01 21:42:58 +0000 2024","1078","Si Hotman dan si Yusril seperti Pengacara Amatir gaya Urakan.apa mereka gak faham etiket sidang di Majelis Konstitusi. malu ditepis Hakim Ketua MK . WAh tanda tanda Signal Alamat bakalan dibatalkan Keputusan KPU yg menangkan PD Gibran..GuGATAN ANIES INSYA ALLAH DIKABULKAN https://t.co/F4ninvlOyq","1774915381855125870","https://pbs.twimg.com/ext_tw_video_thumb/1774915332739862528/pu/img/zsJBlKcgRpHryu21.jpg","","in","Jabodetabek, Indonesia","18","89","319","https://twitter.com/Andria75777/status/1774915381855125870","1667233216091279363","Andria75777"
"1775019124915368398","Tue Apr 02 04:35:12 +0000 2024","3240","Teman-teman kalau merasa kasihan dengan pemerintah perlu diketahui: Pemprov DKI Beli Moge Listrik Rp6 3 M untuk Kawal Gubernur Terpilih Sedangkan Masyarakat Kampung Bayam sampai saat ini bergantung pada hujan dan menyuling air dari got menyebabkan banyak warga sakit dan https://t.co/LYfb0PPjsT","1775019124915368398","https://pbs.twimg.com/media/GKIibJhaEAAx2sB.jpg","","in","","41","11","1385","https://twitter.com/HaveAniesDay/status/1775019124915368398","801803551525605376","HaveAniesDay"
"1773970614891737565","Sat Mar 30 07:08:48 +0000 2024","168","Apakah ini niat yg dimaksud pak anies di pidato sambutannya kmrn kah https://t.co/2zBtcGjomR","1773970614891737565","https://pbs.twimg.com/ext_tw_video_thumb/1763239974005313536/pu/img/KhP4P3m6OWTjir8w.jpg","","in","","1","3","19","https://twitter.com/yujiemmeetcute/status/1773970614891737565","3284411257","yujiemmeetcute"
"1773735914315145588","Fri Mar 29 15:36:11 +0000 2024","7511","Anies joined komunitas ramah-ramah wasn't on my 2024 bingo list https://t.co/chUkCnNIsl","1773735914315145588","https://pbs.twimg.com/tweet_video_thumb/GJ2TaC0boAAukrM.jpg","","en","","32","11","1546","https://twitter.com/itsquaileggs/status/1773735914315145588","1426887455265812483","itsquaileggs"
"1775004693426852203","Tue Apr 02 03:37:51 +0000 2024","3561","setiap ada perubahan kebijakan yang merugikan masyarakat kecil masa harus diviralin dulu i guess it s time for : https://t.co/zgF3qFBgxG","1775004693426852203","https://pbs.twimg.com/ext_tw_video_thumb/1732531538460614656/pu/img/UOHhQtIORZ8Hw6tK.jpg","","in","","25","31","808","https://twitter.com/HaveAniesDay/status/1775004693426852203","801803551525605376","HaveAniesDay"
"1772831284257341785","Wed Mar 27 03:41:30 +0000 2024","397","Ternyata tokoh politik yang paling mahal saat ini adalah Pak Anies !! https://t.co/eQCdwu6w6T","1772831284257341785","https://pbs.twimg.com/ext_tw_video_thumb/1772831195086397440/pu/img/_4SMtRDe7y8Ptt4D.jpg","","in","","2","11","84","https://twitter.com/13lue_Oc3an__/status/1772831284257341785","1491586743350411266","13lue_Oc3an__"
"1773160090796691715","Thu Mar 28 01:28:04 +0000 2024","3119","Media Internasional Al Jazeera Gaungkan Gugatan Anies Baswedan Soal Pemilu Ulang ke Dunia https://t.co/uRpfmHz8hW","1773160090796691715","","","in","","18","23","1351","https://twitter.com/kba_news/status/1773160090796691715","1443801854756880385","kba_news"
"1774638244053086531","Mon Apr 01 03:21:43 +0000 2024","2709","seru masa.. siapa yang lagi nonton keterangan ahli dan saksi Anies-Muhaimin di Sidang Sengketa? https://t.co/eSiGjZhfqQ","1774638244053086531","https://pbs.twimg.com/amplify_video_thumb/1774638181515993088/img/w7I22zhb22xLaM4i.jpg","","in","","24","44","362","https://twitter.com/HaveAniesDay/status/1774638244053086531","801803551525605376","HaveAniesDay"
"1773053742553719212","Wed Mar 27 18:25:28 +0000 2024","29","Konon Ganjar akui suara Anies tertinggi https://t.co/i289mqK0KG","1773053742553719212","https://pbs.twimg.com/ext_tw_video_thumb/1773053613792985089/pu/img/BswN5-WA8ocU3THk.jpg","","in","","0","0","5","https://twitter.com/hani_titik/status/1773053742553719212","908301696501030918","hani_titik"
"1773733660476534975","Fri Mar 29 15:27:13 +0000 2024","2699","ANIES DAN TIM MEMANG CERDAS Pelanggaran harus diusut secara hukum dan politik ANIES TETAP KONSISTEN DI JALUR PERUBAHAN Mari bergabung dalam GERAKAN INDONESIA MEMANGGIL https://t.co/jeBQ0YHe7b","1773733660476534975","https://pbs.twimg.com/ext_tw_video_thumb/1773733372034211840/pu/img/ZdIZ3T_8mxOwJv7_.jpg","","in","","5","20","1086","https://twitter.com/Boediantar4/status/1773733660476534975","1383750727575605257","Boediantar4"
"1772864285594808722","Wed Mar 27 05:52:38 +0000 2024","1403","Bismillah Sidang Sengketa Hasil Pilpres 2024 hari Pertama tgl 27 Maret 2024. Anies Baswedan Meminta kepada MK Untuk Tegakkan Keadilan. Hasbunallah Wani'mal wakil ni'mal maula wani'man nasir https://t.co/OBJpJzpNRZ","1772864285594808722","https://pbs.twimg.com/ext_tw_video_thumb/1772863641697841152/pu/img/riPR3kXj23syA15I.jpg","","in","","8","19","439","https://twitter.com/NinzExe07/status/1772864285594808722","1651123026203901952","NinzExe07"
"1774009946847199318","Sat Mar 30 09:45:05 +0000 2024","120","Semoga menjadi takdir terbaik buat p Anies...aamiin YRA... https://t.co/v6oT3lkVKF","1774009946847199318","https://pbs.twimg.com/media/GJ6MpC6asAA7diY.jpg","","in","wakanda","2","16","59","https://twitter.com/handajani23/status/1774009946847199318","1603933412536221696","handajani23"
"1774901153299570918","Mon Apr 01 20:46:25 +0000 2024","363","Trus saksi di TPS ngapain kok ketua KPPS yg jdi saksi kecurangan pemilu ? pendukung Anies emang goblok semua https://t.co/fStbiocEDo","1774901153299570918","https://pbs.twimg.com/media/GKG3MSebMAAca0k.jpg","","in","Tanjung Priok, Indonesia","8","159","49","https://twitter.com/genx36545403/status/1774901153299570918","1347031551771430912","genx36545403"
"1772576530184417775","Tue Mar 26 10:49:12 +0000 2024","270"," AMIN hanya punya doa tidak punya paman di MK. Didukung rakyat bukan pejabat. (Anies Baswedan) #MKHarusJujurdanAdil #MKHarusJujurdanAdil https://t.co/385QAzQ5Z7","1772576530184417775","https://pbs.twimg.com/ext_tw_video_thumb/1772576506289799168/pu/img/mKHzK0f8cs68YmQ8.jpg","","in","","1","22","75","https://twitter.com/dancersejati07/status/1772576530184417775","1605747132014637061","dancersejati07"
"1774231326612422950","Sun Mar 31 00:24:46 +0000 2024","312","PILPRES 2024 MEMANG BEDA DENGAN 2019 SAMA-SAMA TERJADI KECURANGAN TAPI 2024 YANG DIHADAPI ANIES &amp; TIMNYA YANG CERDAS &amp; TANGGUH https://t.co/3OFLijbw2j","1774231326612422950","https://pbs.twimg.com/media/GJ9V-vMbUAAh2mb.jpg","","in","","1","6","120","https://twitter.com/Boediantar4/status/1774231326612422950","1383750727575605257","Boediantar4"
"1774155717743931828","Sat Mar 30 19:24:19 +0000 2024","1269","Ngerih ngerih ngerih..Anies dan pendukungnya teriak2 curang ternyata mereka sendiri yang curang. Udah curang kalah pula..malu ga..malu ga ? Ya enggaklah..wong ga punya malu. https://t.co/qgIMVGnnJY","1774155717743931828","https://pbs.twimg.com/media/GJ8RORJawAEJHp0.jpg","","in","Tanjung Priok, Indonesia","38","242","238","https://twitter.com/genx36545403/status/1774155717743931828","1347031551771430912","genx36545403"
"1773751942860448229","Fri Mar 29 16:39:52 +0000 2024","621","Al Jazeera Duniakan Gugatan Anies Baswedan Soal Pemilu Ulang https://t.co/gALN9jlF0G","1773751942860448229","","","in","","0","1","263","https://twitter.com/OposisiCerdas/status/1773751942860448229","887743587579944960","OposisiCerdas"
"1773063414765506743","Wed Mar 27 19:03:54 +0000 2024","3767","EXPRESI GESTURE KETUA KPU MENUNDUK TERUS 'SAAT ANIES SINGGUNG PEMILU YANG TIDAK JUJUR DAN TIDAK ADIL DI SIDANG MK. https://t.co/z086QyXd23","1773063414765506743","https://pbs.twimg.com/ext_tw_video_thumb/1773063351565975552/pu/img/tVQ2YCEwp6tqdTXz.jpg","","in","Jabodetabek, Indonesia","37","202","1693","https://twitter.com/Andria75777/status/1773063414765506743","1667233216091279363","Andria75777"
"1772962456689574227","Wed Mar 27 12:22:44 +0000 2024","5022","270324 - Statement of Dispute in the 2024 Presidential Election to the Constitutional Court by #ANIES #ANIES #ÏïÑÎãàÏä§ #AniesAtMK https://t.co/D0aE5J0PJl","1772962456689574227","https://pbs.twimg.com/amplify_video_thumb/1772808248254701568/img/DfquTnW6kpoEczVV.jpg","","en","I‚Äôm bubur | Turn on our notifs","10","17","1082","https://twitter.com/aniesbubble/status/1772962456689574227","753119307937280000","aniesbubble"
"1773883554382127240","Sat Mar 30 01:22:51 +0000 2024","696","Ada pabrik pembuat fitnah untuk Anies di grub2 WA dan grub medsos nonis https://t.co/FIMvalXG4e","1773883554382127240","https://pbs.twimg.com/ext_tw_video_thumb/1773883386509287424/pu/img/ccaTl-tIAKQBb30w.jpg","","in","cermin ajaib ","7","22","427","https://twitter.com/never_alonely/status/1773883554382127240","1369949963690549248","never_alonely"
"1772516517873094736","Tue Mar 26 06:50:44 +0000 2024","1712","CAKEP INI UNTUK MENAMBAH WAWASAN PENGETAHUAN KITA KULIAH YANG DISAMPAIKAN PAK ANIES INI. https://t.co/HxSCsLGMwK","1772516517873094736","https://pbs.twimg.com/ext_tw_video_thumb/1772515671882203136/pu/img/bj5mjeepyC-7PPlc.jpg","","in","Jabodetabek, Indonesia","7","14","678","https://twitter.com/Andria75777/status/1772516517873094736","1667233216091279363","Andria75777"
"1772809248768135377","Wed Mar 27 02:13:56 +0000 2024","12482","Pak Anies memberikan statement gugatan sengketa Pilpres 2024 di MK... https://t.co/KL8XZgMUrx","1772809248768135377","https://pbs.twimg.com/amplify_video_thumb/1772808248254701568/img/DfquTnW6kpoEczVV.jpg","","in","Jakarta Capital Region","187","209","3236","https://twitter.com/Mdy_Asmara1701/status/1772809248768135377","1334853481019056128","Mdy_Asmara1701"
"1775205148639293539","Tue Apr 02 16:54:23 +0000 2024","48","for people who take so much pride in nwjns being different y all don t seem to be able to handle nwjns doing things differently ","1775205148639293539","","","en","room 227 | she/her ","0","0","12","https://twitter.com/j3anies/status/1775205148639293539","1591331785601945604","j3anies"
"1772513135389532168","Tue Mar 26 06:37:17 +0000 2024","2394","Tiap gif ini lewat di tl tuh gue bacanya sambil berucap mas anies mas anies https://t.co/8qOqpnR7Fv","1772513135389532168","https://pbs.twimg.com/tweet_video_thumb/GJk7SrAaQAAStHD.jpg","","in","","53","4","597","https://twitter.com/gaongaoff/status/1772513135389532168","1366697772917792768","gaongaoff"
"1774845646819766603","Mon Apr 01 17:05:51 +0000 2024","5","would ve gone platinum in 2016 https://t.co/Q3qQIAsRrZ","1774845646819766603","https://pbs.twimg.com/amplify_video_thumb/1774830164645474304/img/G142pGtY9Oyh7Ur7.jpg","","en","room 227 | she/her ","0","1","0","https://twitter.com/j3anies/status/1774845646819766603","1591331785601945604","j3anies"
"1772843887863955559","Wed Mar 27 04:31:35 +0000 2024","6060","Konferensi pers pak Anies &amp; Cak Imin beserta Tim Hukum Nasional AMIN usai sidang perdana sengketa pilpres 2024.. Indonesia di persimpangan jalan. Jika penyimpangan dibiarkan maka akan jadi kebiasaan lalu menjadi budaya dan menjadi karakter bangsa. https://t.co/9dtq4vjcEZ","1772843887863955559","https://pbs.twimg.com/amplify_video_thumb/1772841279891943424/img/aHWRSFvA3Tb6zQ5o.jpg","","in","Jakarta Capital Region","32","65","1969","https://twitter.com/Mdy_Asmara1701/status/1772843887863955559","1334853481019056128","Mdy_Asmara1701"
"1772904300458434750","Wed Mar 27 08:31:38 +0000 2024","630","Pak Anies menyala di MK . Langsung pada point nya : institusi negara di gunakan untuk menangkan satu paslon . https://t.co/zT3PT23Hv2","1772904300458434750","https://pbs.twimg.com/ext_tw_video_thumb/1772904184343412736/pu/img/A-K8eTni_GPwJqBH.jpg","","in","","4","16","234","https://twitter.com/liaasister/status/1772904300458434750","1637572714205421595","liaasister"
"1773428242520903863","Thu Mar 28 19:13:36 +0000 2024","322","Di duga stres tidak kebagian lontong dan air mineral seorang ibu pro pemilu ulang potong kabel sound system mobil komando anti pemilu ulang. Anies dan ganjar mesti tanggung jawab nih karena mereka rakyat indonesia makin byk yg ODGJ. https://t.co/9x2MaRumBW","1773428242520903863","https://pbs.twimg.com/ext_tw_video_thumb/1773427990158049280/pu/img/uiybRCFFVOTICSod.jpg","","in","Tanjung Priok, Indonesia","14","64","59","https://twitter.com/genx36545403/status/1773428242520903863","1347031551771430912","genx36545403"
"1773166490340004184","Thu Mar 28 01:53:29 +0000 2024","425","somehow my hunch is always correct https://t.co/accURj2i7s","1773166490340004184","https://pbs.twimg.com/media/GJuNhfhXUAAnWpW.jpg","","en","room 227 | she/her ","8","5","48","https://twitter.com/j3anies/status/1773166490340004184","1591331785601945604","j3anies"
"1774638430355370335","Mon Apr 01 03:22:27 +0000 2024","7","my business casual queen https://t.co/SQlbaHSSzA","1774638430355370335","https://pbs.twimg.com/amplify_video_thumb/1774633869561761792/img/pLb1b1wfVC5ZX9bR.jpg","","en","room 227 | she/her ","0","0","0","https://twitter.com/j3anies/status/1774638430355370335","1591331785601945604","j3anies"
"1772960962124927373","Wed Mar 27 12:16:48 +0000 2024","2783","GANJAR AKUI SUARA ANIES TERATAS DIA SEDIH SAMPAI MENETESKAN AIR MATA KARENA SAHABATNYA DICURANGI OLEH KPU... https://t.co/DxabYOXwzO","1772960962124927373","https://pbs.twimg.com/ext_tw_video_thumb/1772960723569983488/pu/img/ip0kF_4GcPhxdjcZ.jpg","","in","IndonesiaüáÆüá©","14","54","936","https://twitter.com/siregar_najeges/status/1772960962124927373","1052339653","siregar_najeges"
"1773656636067893639","Fri Mar 29 10:21:09 +0000 2024","8304","290324 AbelCam preview Pak Anies Pak Anies - Bukber Humanies #ANIES #ÏïÑÎãàÏä§ https://t.co/1Og8EwoqbG","1773656636067893639","https://pbs.twimg.com/ext_tw_video_thumb/1773656484225880064/pu/img/fmZzQqQDR9VI1JVI.jpg","","tl","I‚Äôm bubur | Turn on our notifs","122","119","1317","https://twitter.com/aniesbubble/status/1773656636067893639","753119307937280000","aniesbubble"
"1772810010369880415","Wed Mar 27 02:16:58 +0000 2024","7721","Breaking News :: Pidato Lengkap Anies Baswedan Di MK Anies: Pemilihan Presiden 2024 tidak dijalankan secara Bebas Jujur dan Adil Hari ini adalah sebuah momen yang sangat penting dalam sejarah kita kami berdiri dengan penuh rasa hormat didepan MK untuk menyampaikan sebuah https://t.co/pKjawOUKcV","1772810010369880415","https://pbs.twimg.com/amplify_video_thumb/1772809817268334592/img/59a4ZsCoieZGWXZu.jpg","","in","Bandung, Jawa Barat","124","180","2306","https://twitter.com/tijabar/status/1772810010369880415","2395238000","tijabar"
"1774871775169401213","Mon Apr 01 18:49:41 +0000 2024","371","the crowd of binky bongs actually makes me so emotional https://t.co/GPfExmJCNy","1774871775169401213","https://pbs.twimg.com/ext_tw_video_thumb/1774870737876307969/pu/img/bX-RciHhErc13phf.jpg","","en","room 227 | she/her ","5","1","46","https://twitter.com/j3anies/status/1774871775169401213","1591331785601945604","j3anies"
"1775040007507714522","Tue Apr 02 05:58:11 +0000 2024","663","Mengejutkan! Saksi Tim Anies: Anggota Polisi Minta Warga Coblos Prabowo Gibran https://t.co/2eiMQJ9ypo https://t.co/3XHKpSvPuf","1775040007507714522","https://pbs.twimg.com/ext_tw_video_thumb/1775039860031844352/pu/img/KLEJVrlDKvqU16r2.jpg","","in","jakarta","3","15","366","https://twitter.com/m1n4_95/status/1775040007507714522","1262940294464581637","m1n4_95"
"1774637528097665135","Mon Apr 01 03:18:52 +0000 2024","21","what the fuck https://t.co/ijc3PnoX7w","1774637528097665135","https://pbs.twimg.com/media/GKDHbPLXUAA2Wqp.jpg","","en","room 227 | she/her ","0","0","1","https://twitter.com/j3anies/status/1774637528097665135","1591331785601945604","j3anies"
"1773847322881036536","Fri Mar 29 22:58:52 +0000 2024","855","Bukber Bareng Humanies Anies Puji Anak Muda Terjun Politik https://t.co/4af9yPY2mD","1773847322881036536","","","in","","1","9","226","https://twitter.com/OposisiCerdas/status/1773847322881036536","887743587579944960","OposisiCerdas"
"1772835647885390200","Wed Mar 27 03:58:50 +0000 2024","4882","pak Anies energy : 80% pak Ganjar energy : 100000000% https://t.co/GD3C9gTyE7","1772835647885390200","https://pbs.twimg.com/ext_tw_video_thumb/1772835620114853888/pu/img/otE9blQuXgyXHrUR.jpg","","in","Unlimitied Void","100","18","791","https://twitter.com/yuujitaki/status/1772835647885390200","1565228558012022784","yuujitaki"
"1774970200049475809","Tue Apr 02 01:20:47 +0000 2024","83","APA MUNGKIN ITU KODE ? Ditanya jadi saksi di MK jawab Sri Mulyani cuma SENYUM. Nah Anies Baswedan sering senyum Ganjar juga sering senyum. Apakah mungkin senyum Bu Sri itu KODE bersedia jadi saksi di MK ??? https://t.co/0ywpNN89fu","1774970200049475809","https://pbs.twimg.com/ext_tw_video_thumb/1774970142126116864/pu/img/9PC9VnqtSBqE-MZQ.jpg","","in","IndonesiaüáÆüá©","0","12","22","https://twitter.com/siregar_najeges/status/1774970200049475809","1052339653","siregar_najeges"
"1774804136896450745","Mon Apr 01 14:20:55 +0000 2024","653","HANYA ORANG WARAS YANG TAU KALO NKRI BUTUH PEMIMPIN SEPERTI ANIES #KawalMK @officialMKRI demi PERBAIKAN INDONESIA https://t.co/2nPbUt9CSX","1774804136896450745","https://pbs.twimg.com/media/GKFe9PRbcAA1qyo.jpg","","in","","5","59","211","https://twitter.com/Muslim_AntiPKI9/status/1774804136896450745","1604091267834474498","Muslim_AntiPKI9"
"1775069104397054059","Tue Apr 02 07:53:48 +0000 2024","48","REPOST. #14FebruariCoblos01 Siagalah relawan/rakyat yg pilih Anies 14 Februari 2024 s/d pengumuman pemenang Diduga pilpres berjalan lbh BRUTAL dari pilpres 2019 Smg OKNUM APARAT Penghianat/Jongos Oligarki kembali pd TUGASNYA yg benar Musuh pejuang 01&gt;Pereman neo PKI + oknum https://t.co/fG1kJTcm0a","1775069104397054059","https://pbs.twimg.com/media/GKJP1a2aYAEkD92.jpg","","in","Indonesia bkn Negara Komunis ","1","4","35","https://twitter.com/ForRezim/status/1775069104397054059","1482600556669460485","ForRezim"
"1773364013633544565","Thu Mar 28 15:01:51 +0000 2024","799","@ayehuasca It s Anies faults https://t.co/1llZuXMF3h","1773364887055392816","https://pbs.twimg.com/media/GJxB9nxWsAAi0cS.jpg","ayehuasca","en","","4","8","15","https://twitter.com/boroklesnar/status/1773364887055392816","582390871","boroklesnar"
"1773915703239967009","Sat Mar 30 03:30:36 +0000 2024","12356","PSI: Jakarta sudah tak butuh Anies butuhnya Kaesang https://t.co/2bw48uyPTC","1773915703239967009","https://pbs.twimg.com/media/GJ427mobsAAiD3r.jpg","","in","","1890","2173","898","https://twitter.com/ARSIPAJA/status/1773915703239967009","2993008392","ARSIPAJA"
"1773170024380829901","Thu Mar 28 02:07:32 +0000 2024","5728","LRT Jabodebek bukan programnya @aniesbaswedan tapi judul dan fotonya pake foto Pak Anies. Beritanya tanggal 27 maret 2024. . Media aja mau nyari klik tapi caranya dengan nyalahin anies baswedan. Kesian bener pak. https://t.co/aLTyLg0QKs","1773170024380829901","","","in","New York, NY","74","142","1178","https://twitter.com/AnggaPutraF/status/1773170024380829901","98275340","AnggaPutraF"
"1774753446140456997","Mon Apr 01 10:59:29 +0000 2024","83","100 daftar tokoh intelektual dunia..salah satuny Anies Rasyid Baswedan Urraaaaaa.....!!! https://t.co/TOJhQZVQfv","1774753446140456997","https://pbs.twimg.com/ext_tw_video_thumb/1774753316897161216/pu/img/QLEI4_M1ZePuwAQo.jpg","","in","","1","3","34","https://twitter.com/hani_titik/status/1774753446140456997","908301696501030918","hani_titik"
"1774365831608303824","Sun Mar 31 09:19:15 +0000 2024","5546","Jika Raffi Ahmad terlibat pencucian uang ya apakah itu tandanya Gibran Rakabuming Raka dan Kaesang jg terlibat? Tp mudah¬≤an gak ya aplg kalo nasibnya kek Harvey Moeis dan Helena Lim kan kasian pendukung wowo yg udah ngolok¬≤ komika yg dukung Abah Anies mereka bs gagal girang https://t.co/MZuD9ntDVr","1774365831608303824","https://pbs.twimg.com/ext_tw_video_thumb/1774364273197920256/pu/img/r0vJLcw2WW3DJskU.jpg","","in","ü¶âü§ç","60","164","1574","https://twitter.com/AnKiiim_/status/1774365831608303824","1603276472814567425","AnKiiim_"
"1774893895224070181","Mon Apr 01 20:17:35 +0000 2024","36","ador if they hear us complain one more time https://t.co/OlykgIrIDl","1774893895224070181","https://pbs.twimg.com/ext_tw_video_thumb/1774892355704721408/pu/img/S5xbsn1bStqutYT8.jpg","","en","room 227 | she/her ","0","1","3","https://twitter.com/j3anies/status/1774893895224070181","1591331785601945604","j3anies"
"1773599423265652842","Fri Mar 29 06:33:49 +0000 2024","1354","TIDAK SEMUDAH ITU WAHAI SANG PRESIDEN BANSOS... PILPRES BELUM USAI... YANG KALIAN HADAPI INI ANIES BASWEDAN YANG BERGELAR PROFESOR TOKOH INTELEKTUAL MUDA 1 DARI 100 ORANG YANG BERPENGARUH DI DUNIA....‚ÄºÔ∏è #JokowiNoMoreAniesForever #JokowiNoMoreAniesForever üÜòüÜó https://t.co/51XnYj0ijP","1773599423265652842","https://pbs.twimg.com/ext_tw_video_thumb/1773599403271692288/pu/img/5C4Ek40tUpQ7Bg0V.jpg","","in","","9","46","458","https://twitter.com/secr3thm4nz56/status/1773599423265652842","1412374538722058244","secr3thm4nz56"
"1774377158292783501","Sun Mar 31 16:19:06 +0000 2024","251","@QianzyZ Coba renungkan dan pahami. Smga saja jadi P.Anies Baswedan Pemimpin NKRI ini Aamiin YRA https://t.co/KfXiVMPeou","1774471491951980782","https://pbs.twimg.com/ext_tw_video_thumb/1774471285197934592/pu/img/C1JXsWcq1c8z2R0Z.jpg","QianzyZ","in","","0","15","83","https://twitter.com/syahendru65/status/1774471491951980782","1493531208915234816","syahendru65"
"1773874624591544568","Sat Mar 30 00:47:22 +0000 2024","1903","Cara pemberantasan korupsi ala Anies: 1. Koruptor dimiskinkan. 2. Revisi UU KPK supaya KPK kuat. 3. Reward buat masyarakat pelapor yang terlihat dalam pelaporan dan penyelidikan. 4. Standard etika pimpinan KPK harus tinggi #HukumMatiKoruptorLaknat #HukumMatiKoruptorLaknat https://t.co/exIQUzbRPP","1773874624591544568","https://pbs.twimg.com/ext_tw_video_thumb/1773874602160336896/pu/img/IgNUtoewOj-a5COZ.jpg","","in","","16","45","857","https://twitter.com/MichelAdam7__/status/1773874624591544568","1647311678160384007","MichelAdam7__"
"1775117113650487298","Tue Apr 02 11:04:34 +0000 2024","7886","Stage Name: Anies (ÏïÑÎãàÏä§) Birth Name: Anies Baswedan ('anis ba 'swedan) Supporter: Humanies (Ìú¥Î®∏ÎãàÏ¶à) Position: Leader Vocalist Center of the Group. Birthday: May 7 1969 Zodiac Sign: Taurus Blood Type: At MBTI –¢—É—Ä–µ: ENFJ Nationality: indonesian Instagram: @aniesbaswedan https://t.co/K4TeOXu2YI","1775117113650487298","https://pbs.twimg.com/media/GKJ7ms1akAAiBsS.jpg","","en","I‚Äôm bubur | Turn on our notifs","219","151","1301","https://twitter.com/aniesbubble/status/1775117113650487298","753119307937280000","aniesbubble"
"1773416181183164578","Thu Mar 28 18:25:40 +0000 2024","4266","Inilah adab pemimpin yg mulia yg di miliki @aniesbaswedan . Walaupun di hina dan di rendahkan namun ketika bertemu di ruang sidang . Anies Baswedan datang dan menyalami team kuasa hukum 02. Kagum kami pak https://t.co/9CH18OcIyL","1773416181183164578","https://pbs.twimg.com/ext_tw_video_thumb/1773416146131390467/pu/img/KqJbh-d2ukwRkCi3.jpg","","in","Pasar Rebo, Indonesia","60","155","1174","https://twitter.com/NinaCarla07/status/1773416181183164578","1469987417209720839","NinaCarla07"
"1773370394344366185","Thu Mar 28 20:13:15 +0000 2024","103","@CNNIndonesia Ini kroni kroni Anies bukan. Maaf klo salah... https://t.co/A72NorwZTS","1773443254090141759","https://pbs.twimg.com/ext_tw_video_thumb/1773443224184754177/pu/img/WaJ_MuNVwpQYnKEa.jpg","CNNIndonesia","in","","4","13","11","https://twitter.com/SulaehaEha3/status/1773443254090141759","1555406907485323264","SulaehaEha3"
"1774847149400055872","Mon Apr 01 17:11:50 +0000 2024","440","Ganjar Anies being Ganjar Anies amirite https://t.co/aELX6NVASc","1774847149400055872","https://pbs.twimg.com/ext_tw_video_thumb/1774847121893773313/pu/img/FweQj4wOcBJPTfM1.jpg","","in","","6","6","111","https://twitter.com/Marxel_lius/status/1774847149400055872","1715659943968481280","Marxel_lius"
"1772836178321911958","Wed Mar 27 04:00:57 +0000 2024","13176","5 Poin Pidato Anies di sidang MKÔ∏è #TempoThread #SidangMK https://t.co/KsYCwkRVpI","1772836178321911958","https://pbs.twimg.com/media/GJpeMQZW4AAYR6e.jpg","","in","Indonesia","142","49","2816","https://twitter.com/tempodotco/status/1772836178321911958","18129942","tempodotco"
"1773665789855305940","Fri Mar 29 10:57:32 +0000 2024","240","selamat datang pak Anies! @aniesbaswedan https://t.co/vC93igd31c","1773665789855305940","https://pbs.twimg.com/ext_tw_video_thumb/1773655757290127362/pu/img/s2kh26VneAHhCFLa.jpg","","in","SELECTIVE. DO NOT FOLLOW.","4","2","36","https://twitter.com/wedokbetawi/status/1773665789855305940","1291198099617062913","wedokbetawi"
"1772560037799756287","Tue Mar 26 09:43:40 +0000 2024","40545","Anies punya apa? Gak punya partai ga punya duit gak punya bisnis gak punya basic massa? Eh tong itu semua benar. Tp untuk hadapi anies kalian nyolong duit negara ratusan trilyun buat bansos. Sekarang sewa pengacara spek dewa untuk tarung di MK. Artinya anies bukan kaleng2 https://t.co/iYKKQYydAg","1772560037799756287","https://pbs.twimg.com/media/GJll9BJbIAIhvDq.jpg","","in","Bumi","655","801","10024","https://twitter.com/pakaipeci/status/1772560037799756287","99926414","pakaipeci"
"1772859734984438204","Wed Mar 27 05:34:33 +0000 2024","11483","Lagi nyari CCTV gate Halim malah nemu berita ada orang lempar sekarung ular kobra ke rumah Wahidin Halim saat akan jamu Anies Baswedan setahun lalu.","1772859734984438204","","","in","New York, NY","191","86","1583","https://twitter.com/AnggaPutraF/status/1772859734984438204","98275340","AnggaPutraF"
"1774550147432653232","Sun Mar 31 21:31:39 +0000 2024","214","https://t.co/JapDKBuxRR","1774550147432653232","https://pbs.twimg.com/amplify_video_thumb/1621834820128215042/img/5SJTDb-8eKP92GKu.jpg","","zxx","room 227 | she/her ","2","0","41","https://twitter.com/j3anies/status/1774550147432653232","1591331785601945604","j3anies"
"1773656525493457011","Fri Mar 29 10:20:43 +0000 2024","12","ANIES 4RI One. https://t.co/LUFdlGvS1z","1773656525493457011","https://pbs.twimg.com/ext_tw_video_thumb/1773656399186362368/pu/img/BQdKnM9o9VqZWuyP.jpg","","en","","0","0","5","https://twitter.com/SeloAdi353036/status/1773656525493457011","1703944570944593920","SeloAdi353036"
"1772915203728175139","Wed Mar 27 09:14:58 +0000 2024","14","and if anies-ganjar got on the same coalition together for 2029 WE WILL BE VOTING https://t.co/ery9EDHjs3","1772915203728175139","https://pbs.twimg.com/tweet_video_thumb/GJqo-VzbAAAC5v0.jpg","","en","personal acc","0","1","3","https://twitter.com/thekevsites/status/1772915203728175139","1153145450792308736","thekevsites"
"1773741531494773044","Fri Mar 29 15:58:30 +0000 2024","187","guys tadi aku ngasih ini ke pak anies... set lengkap kyk yg buat moots.... aku kasih dua2nya yg label 'pak anies' sama 'pak ganjar' + '(titip pak anies kalo ke MK lagi)'........................ https://t.co/ZXjAB08tuz","1773741531494773044","https://pbs.twimg.com/media/GJ2YhafbIAAGZQm.jpg","","in","","4","6","14","https://twitter.com/yujiemmeetcute/status/1773741531494773044","3284411257","yujiemmeetcute"
"1772635553416044811","Tue Mar 26 14:43:44 +0000 2024","11743","Klo tidak ada modal besar saya yakin berat tuk ngumpulin pengacara sekelas ini Dan ini hanya buat menghadapi anies yg bukan pengusaha kelasa kakap bahkan juga bukan pentolan partai https://t.co/nZsG0jGEHJ","1772635553416044811","https://pbs.twimg.com/media/GJmqosjbAAAAff0.jpg","","in","","167","461","2164","https://twitter.com/choymarkochoy/status/1772635553416044811","1444315955757080583","choymarkochoy"
"1772538239221674195","Tue Mar 26 08:17:03 +0000 2024","5027","Pengacaran kelas wahid semua hanya untuk mengalahkan 1 orang bernama anies baswedan luar biasa https://t.co/BJg3F1mr5G","1772538239221674195","https://pbs.twimg.com/ext_tw_video_thumb/1772538121378549760/pu/img/em3sttx2L_1vhRNu.jpg","","in","Kota Surabaya, Jawa Timur","198","527","1025","https://twitter.com/IwanIwanely72/status/1772538239221674195","1603537926482145280","IwanIwanely72"
"1772452189593534830","Tue Mar 26 02:35:07 +0000 2024","680","ANIES BASWEDAN ADALAH SOSOK PEJABAT YANG SANGAT RAMAH.... ANIES BUKBER DENGAN PARA RELAWAN GARDA MATAHARI SENYUMAN PAK ANIES ADEM BANGET.....‚ÄºÔ∏è #MKHarusJujurDanAdil #MKHarusJujurDanAdil üÜòüÜó https://t.co/kFWqk603xD","1772452189593534830","https://pbs.twimg.com/ext_tw_video_thumb/1772452038867329024/pu/img/nzIvtbDAJkFB7AdY.jpg","","in","","6","25","228","https://twitter.com/PngAdilnR4kyt/status/1772452189593534830","1630749805734678529","PngAdilnR4kyt"
"1775056699600339359","Tue Apr 02 07:04:30 +0000 2024","91","HEBOH‚ÄºÔ∏è PERNYATAN HOTMAT PARIS TTG BANSOS LANGSUNG DIPATAHKAN SAMA PENDUKUNG ANIES INI https://t.co/QSTm0wYEsU","1775056699600339359","https://pbs.twimg.com/ext_tw_video_thumb/1775056666104578048/pu/img/E1alajNOpd_1ze0B.jpg","","in","","0","0","54","https://twitter.com/Boediantar4/status/1775056699600339359","1383750727575605257","Boediantar4"
"1772816419996196905","Wed Mar 27 02:42:26 +0000 2024","5774","denger speech pak anies mau nangis","1772816419996196905","","","in","","27","71","440","https://twitter.com/raffimulyaa/status/1772816419996196905","4748253918","raffimulyaa"
"1775009411347697997","Tue Apr 02 03:56:36 +0000 2024","60","SAKSI KUBU TIMNAS ANIES-MUHAIMIN SOROTI BERBAGAI KEJANGGALAN DI FORM C HASIL SUARA DI SIDANG PILPRES MK....‚ÄºÔ∏è #UsutKorupsiBansos497T #UsutKorupsiBansos497T üÜòüÜó https://t.co/NP1Ox2z3DN","1775009411347697997","https://pbs.twimg.com/ext_tw_video_thumb/1775009271438331904/pu/img/1bXmmGiarPcbLoru.jpg","","in","","2","2","44","https://twitter.com/secr3thm4nz56/status/1775009411347697997","1412374538722058244","secr3thm4nz56"
"1772630613968711828","Tue Mar 26 14:24:06 +0000 2024","1221","Lagu Rap Utk Abah Anies https://t.co/qhGRmcRrqd","1772630613968711828","https://pbs.twimg.com/ext_tw_video_thumb/1772630535803904001/pu/img/_QcAIm-Qwlaoq48A.jpg","","in","","6","5","483","https://twitter.com/Malika6027/status/1772630613968711828","1603593688005115905","Malika6027"
"1772871299980775866","Wed Mar 27 06:20:30 +0000 2024","87","ANIES TITIP HAKIM MK TEGAKKAN KEADILAN KARENA PEMILU SUDAH TAK BEBAS JUJUR DAN ADIL....‚ÄºÔ∏è #SidangPilpresPerdanaMK #SidangPilpresPerdanaMK üÜòüÜó https://t.co/zqH3P9tKwc","1772871299980775866","https://pbs.twimg.com/ext_tw_video_thumb/1772870673389752320/pu/img/OopQ_SmoRPwuKbud.jpg","","in","Tanah Abang, Indonesia","3","0","64","https://twitter.com/Jatayu_45back/status/1772871299980775866","1355501823864561668","Jatayu_45back"
"1773924733597401357","Sat Mar 30 04:06:29 +0000 2024","2489","Anies Baswedan berjuang agar ongkos naik haji cukup dengan uang Rp 10 juta saja. Tapi yang diperjuangkannya malah mendukung orang yang menyengsarakannya hingga ongkos haji saja sampai ratusan juta rupiah. Mau aneh tapi ini indonesia https://t.co/irgujQ53A5","1773924733597401357","https://pbs.twimg.com/ext_tw_video_thumb/1773924609995444224/pu/img/EiSqyN0R2vEg5w7v.jpg","","in","","16","63","1200","https://twitter.com/hani_titik/status/1773924733597401357","908301696501030918","hani_titik"
"1775117113650487298","Tue Apr 02 11:05:58 +0000 2024","944","@aniesbubble @aniesbaswedan should we make Pprofile.. Politicians Profile https://t.co/bMU9MxPDi6","1775117467200950776","https://pbs.twimg.com/media/GKJ77T0bwAAWLuD.jpg","aniesbubble","en","","17","30","43","https://twitter.com/HaveAniesDay/status/1775117467200950776","801803551525605376","HaveAniesDay"
"1774280190983893317","Sun Mar 31 03:38:56 +0000 2024","1243","PAKAR HUKUM TATA NEGARA FERI AMSARI MENILAI ANIES DAN GANJAR PUNYA PELUANG CUKUP BESAR MEMENANGI SENGKETA HASIL PILPRES 2024 DI MK.....‚ÄºÔ∏è #YamanGakKorupsi #YamanGakKorupsi üÜòüÜó https://t.co/DXfKc5iI2v","1774280190983893317","https://pbs.twimg.com/ext_tw_video_thumb/1774279951216496640/pu/img/2nQfLXLcLtyoQskW.jpg","","in","Tanah Abang, Indonesia","7","28","404","https://twitter.com/Jatayu_45back/status/1774280190983893317","1355501823864561668","Jatayu_45back"
"1774517240752456178","Sun Mar 31 19:20:53 +0000 2024","98","EGGI SUDJANA NGAMUK!!! GIBRAN JELAS MELANGGAR ANIES DAN GANJAR YG KENA SEMPROT!!! https://t.co/fD3RBJOpyw","1774517240752456178","https://pbs.twimg.com/media/GKBaBswbMAA21zW.jpg","","in","","4","2","48","https://twitter.com/herculep638/status/1774517240752456178","1722014606712094720","herculep638"
"1772874385671791014","Wed Mar 27 06:32:46 +0000 2024","9893","Anies Baswedan : Jangan sampai Pemilu Pilpres yg penuh dengan penyimpangan ini kemudian menjadi kebiasaan baru budaya baru akhirnya jd karakter bangsa Saksi 01 banyak yg mengundurkan diri terutama saksi dari wilayah Jatim dan Jateng.. Masih nekad jd saksi bisa masuk list KPK? https://t.co/z9e7kxliEa","1772874385671791014","https://pbs.twimg.com/ext_tw_video_thumb/1772872398788022272/pu/img/qp25aKIdyjzKpMPC.jpg","","in","ü¶âü§ç","69","66","2341","https://twitter.com/LagiBeTeAjj/status/1772874385671791014","1419959939808722950","LagiBeTeAjj"
"1773331567391256809","Thu Mar 28 12:49:27 +0000 2024","398","Bismillah Al Jazeera Rabu 27 Maret 2024 Media Internasional Memberitakan Berita soal Pa Anies Baswedan. Berita itu bertajuk Anies Baswedan Challenges Indonesia Presidential Election Calls For Rerun Gugatan Kecurangan Hasil Pilpres ini Media Internasional pun Meliputnya!! https://t.co/o7CRHLCclB","1773331567391256809","https://pbs.twimg.com/media/GJwjqWAa4AAMVAQ.jpg","","in","","1","16","217","https://twitter.com/NinzExe07/status/1773331567391256809","1651123026203901952","NinzExe07"
"1774236810585276440","Sun Mar 31 00:46:34 +0000 2024","376","Banyak pendiri Indonesia termasuk 7 orang wakil gerakan Islam ini: KH. Kahar Muzakkir Ki Bagus Hadikusumo Ahmad Subardjo Abdurrahman Baswedan kakek Anies Abikusno Cokrosuyoso H. Agus Salim Abdul Wahid Hasyim bapaknya Gus Dur #YamanGakKorupsi #YamanGakKorupsi https://t.co/h09XilIIR0","1774236810585276440","https://pbs.twimg.com/ext_tw_video_thumb/1774236742817865728/pu/img/M8C4W8cgOIf5SERs.jpg","","in","","6","20","228","https://twitter.com/MichelAdam7__/status/1774236810585276440","1647311678160384007","MichelAdam7__"
"1774687063671222290","Mon Apr 01 06:35:42 +0000 2024","2329","Baru pada sadar atas apa yg di katakan Anies jalan yg bagus itu hak rakyat dan tak perlu harus bayar utk menggunakannya. Saya ingin jalan nasional yang dilebarkan dan masyarakat tidak perlu membayar. Jangan bangga dengan jalan tol karena harus bayar ungkapnya.","1774687063671222290","","","in","Jakarta","14","3","980","https://twitter.com/AndiSinulingga/status/1774687063671222290","178237411","AndiSinulingga"
"1772876430881312930","Wed Mar 27 06:40:54 +0000 2024","610","SAMBUTAN AWAL ABAH ANIES KEREN... ANIES TITIP HAKIM MK TEGAKKAN KEADILAN KARENA PEMILU SUDAH TAK BEBAS JUJUR DAN ADIL...‚ÄºÔ∏è #SidangPilpresPerdanaMK #SidangPilpresPerdanaMK üÜòüÜó https://t.co/gIONNUvJtO","1772876430881312930","https://pbs.twimg.com/ext_tw_video_thumb/1772875248675012608/pu/img/yF63FucAtV3RsgD_.jpg","","in","Tanah Abang, Indonesia","7","17","239","https://twitter.com/Jatayu_45back/status/1772876430881312930","1355501823864561668","Jatayu_45back"
"1775175738263781591","Tue Apr 02 14:57:31 +0000 2024","23","Twitter need embrace a single reality that Anies is neither an absolute akashic technogod nor a secret taliban boss in disguise. He's just another politician chasing clouts to boost his popularity. Yes he's an intellectual technocrat &amp; close to islamists but that's all.","1775175738263781591","","","en","East Indies","0","1","2","https://twitter.com/Ierusyalaim/status/1775175738263781591","1655050084357394434","Ierusyalaim"
"1773917846420312411","Sat Mar 30 03:39:07 +0000 2024","1241","Tim Anies-Muhaimin: Pernyataan KPU Seperti Lawan Main 01 dan Berpihak ke 02 https://t.co/8l2jauFVsQ #TempoNasional","1773917846420312411","","","in","Indonesia","9","29","486","https://twitter.com/tempodotco/status/1773917846420312411","18129942","tempodotco"
"1773738191297958387","Fri Mar 29 15:45:13 +0000 2024","4198","Pakar Hukum: Anies dan Ganjar Berpeluang Menang di MK Prabowo-Gibran Bisa Didiskualifikasi https://t.co/BiovIs7mfm","1773738191297958387","","","in","","46","181","1110","https://twitter.com/OposisiCerdas/status/1773738191297958387","887743587579944960","OposisiCerdas"
"1774777136626463115","Mon Apr 01 12:33:37 +0000 2024","2423","Hadirkan Saksi dan Ahli di Sidang MK Tim Anies-Muhaimin Yakin Dalil Terpenuhi Karena Hal Ini Aamiin yra https://t.co/989jLu0E6y","1774777136626463115","https://pbs.twimg.com/amplify_video_thumb/1774776643590205440/img/SJTl7shIkuEy1Hhk.jpg","","in","Jakarta Capital Region","6","32","741","https://twitter.com/Mdy_Asmara1701/status/1774777136626463115","1334853481019056128","Mdy_Asmara1701"
"1774364599204409718","Sun Mar 31 09:14:21 +0000 2024","1106","Anies akan Menang Jika Makar Allah Berjalan https://t.co/jnLgtoq4Bn lewat @Keuangan News","1774364599204409718","","","in","","3","33","261","https://twitter.com/keuangannews_id/status/1774364599204409718","1226436091617505281","keuangannews_id"
"1772793573861457934","Wed Mar 27 01:11:39 +0000 2024","6747","Detik-detik abah Anies dan Cak Imin tiba di Mahkamah Konstitusi (MK) Semoga persidangan hari ini berjalan lancar. Aamiin https://t.co/98ZI1a2hPa","1772793573861457934","https://pbs.twimg.com/ext_tw_video_thumb/1772791573912367104/pu/img/sNo4jdmLYq-kjw0O.jpg","","in","Jakarta Capital Region","28","107","1554","https://twitter.com/Mdy_Asmara1701/status/1772793573861457934","1334853481019056128","Mdy_Asmara1701"
"1772936036680962061","Wed Mar 27 10:37:45 +0000 2024","3984","karena kesetaraan itulah kita bisa bersama-sama menikmati indahnya kebersamaan dan maknanya sangat luas bersyukur ada di barisan pak Anies serta memahami antar teman sahabat saudara damai itu indah https://t.co/K46OavgvuX","1772936036680962061","https://pbs.twimg.com/ext_tw_video_thumb/1772935979881684992/pu/img/i9iS7BpyJN-jVQun.jpg","","in","","4","23","924","https://twitter.com/Yurissa_Samosir/status/1772936036680962061","1456283686312103939","Yurissa_Samosir"
"1772393780143911066","Mon Mar 25 22:43:01 +0000 2024","2063","PPATK Bongkar korupsi yang dilakukan rezim JKW Ditemukan aliran dana 500 T diluar pembangunan proyek Apa Duitnya Untuk Jegal Pak Anies? https://t.co/U0fSXlPgKQ","1772393780143911066","https://pbs.twimg.com/ext_tw_video_thumb/1772393705678438400/pu/img/ZX6rKr6c6KW-hTkm.jpg","","in","","36","49","1176","https://twitter.com/13lue_Oc3an__/status/1772393780143911066","1491586743350411266","13lue_Oc3an__"
"1774045459692286184","Sat Mar 30 19:00:37 +0000 2024","868","@tanyakanrl pak anies is the main character sayang blio banyak-banyak https://t.co/GfwKWnXfw4","1774149749320581509","https://pbs.twimg.com/media/GJ8LyAAa0AADSGn.jpg","mollyhollyoreo","in","","0","1","36","https://twitter.com/mollyhollyoreo/status/1774149749320581509","1318429932444241920","mollyhollyoreo"
"1774852054093324334","Mon Apr 01 17:31:19 +0000 2024","21","most serba salah people ranked #1 pro-boycott armys (+3) [NEW PEAK] #2 anies baswedan (=)","1774852054093324334","","","en","she/her","0","1","2","https://twitter.com/vignuet/status/1774852054093324334","1266191306679660547","vignuet"
"1774285931136335996","Sun Mar 31 04:01:45 +0000 2024","528","YUSRIL DISINDIR.... WADUH... LOYALIS ANIES INI BERANI SENTIL YUSRIL IHZA MAHENDRA PAGI KEDELE SORE TEMPE....‚ÄºÔ∏è #YamanGakKorupsi #YamanGakKorupsi üÜòüÜó https://t.co/y6KLgjZ952","1774285931136335996","https://pbs.twimg.com/ext_tw_video_thumb/1774285864056856577/pu/img/HK9tnszmOIs2K8iZ.jpg","","in","","6","17","253","https://twitter.com/secr3thm4nz56/status/1774285931136335996","1412374538722058244","secr3thm4nz56"
"1773716822631784881","Fri Mar 29 14:20:19 +0000 2024","2768","Presiden 01 Anies keluar dari gedung MK masya Allah di sambutnya bak Presiden RI.. *LAWAN KECURANGAN..!!* https://t.co/yX2PSCIN3N","1773716822631784881","https://pbs.twimg.com/ext_tw_video_thumb/1773716745733443584/pu/img/TSh0Rpd6MaE4nSWF.jpg","","in","","7","140","615","https://twitter.com/QianzyZ/status/1773716822631784881","1450037307826860039","QianzyZ"
"1774616969930821821","Mon Apr 01 01:57:11 +0000 2024","834","Faisal Basri hingga Mantan Dirjen Otonomi Daerah Djohermansyah Jadi Saksi Ahli Kubu Anies di Sidang MK https://t.co/VezdyhhYqP #TempoNasional","1774616969930821821","","","in","Indonesia","3","3","290","https://twitter.com/tempodotco/status/1774616969930821821","18129942","tempodotco"
"1774801318445728103","Mon Apr 01 14:09:43 +0000 2024","1436","Hotman Paris Debat dengan Ahli Tim Anies-Muhaimin Pertanyakan Sertifikat Forensik https://t.co/MuBPm3YbrJ","1774801318445728103","https://pbs.twimg.com/amplify_video_thumb/1774800562195955712/img/7lZbFqrySFP94NWd.jpg","","in","Jakarta Capital Region","26","67","445","https://twitter.com/Mdy_Asmara1701/status/1774801318445728103","1334853481019056128","Mdy_Asmara1701"
"1774063207700951137","Sat Mar 30 13:16:43 +0000 2024","774","Sejauh ini cuma Anies yang punya komitmen memberantas KORUPSI. Caleg koruptor kita semua tahu ada di partai mana kemarin yang mencalonkan diri dan yang pernah dipanggil KPK tetiba ga jadi ketika mendukung Paslon tertentu. Gudang Selesai Kaesang Yaman. https://t.co/nNyNUuaGXM","1774063207700951137","https://pbs.twimg.com/ext_tw_video_thumb/1774063146447335424/pu/img/rWeffVs9m1rnVnJG.jpg","","in","DKI Jakarta, Indonesia","6","34","285","https://twitter.com/aly_benzema/status/1774063207700951137","1603708091266396162","aly_benzema"
"1772431212969078908","Tue Mar 26 01:11:46 +0000 2024","5495","Anies serba asli. Lulusan UGM asli. Ijazahnya asli. Identitasnya asli. Cerdas dan pinternya asli. Prestasinya asli. Sholehnya asli. Pendukungnya asli tanpa tipu2 #MKHarusJujurdanAdil #MKHarusJujurdanAdil https://t.co/2bdmab41Zo","1772431212969078908","https://pbs.twimg.com/media/GJjwyt-awAAn8kv.jpg","","in","","38","450","1600","https://twitter.com/MichelAdam7__/status/1772431212969078908","1647311678160384007","MichelAdam7__"
"1774636086393975252","Mon Apr 01 03:13:08 +0000 2024","266","Jadi Ahli Kubu Anies di MK Eks Ketua Bawaslu Soroti Soal Pencalonan Gibran yang Langgar Hukum https://t.co/bSaJrOJ9QL #TempoNasional","1774636086393975252","","","in","Indonesia","1","0","93","https://twitter.com/tempodotco/status/1774636086393975252","18129942","tempodotco"
"1775007905311277211","Tue Apr 02 03:50:37 +0000 2024","140","JANGAN ASAL OMON OMON... HEBOH... LOYALIS ANIES INI SKAKMAT HOTMAN PARIS SOAL POLEMIK BANSOS....‚ÄºÔ∏è #UsutKorupsiBansos497T #UsutKorupsiBansos497T üÜòüÜó https://t.co/WMfslmxt6n","1775007905311277211","https://pbs.twimg.com/ext_tw_video_thumb/1775007797836722176/pu/img/fH2De4jCWfrbkolr.jpg","","in","","1","15","100","https://twitter.com/PngAdilnR4kyt/status/1775007905311277211","1630749805734678529","PngAdilnR4kyt"
"1774741670690730266","Mon Apr 01 10:12:42 +0000 2024","336","Faisal Basri hadir menjadi saksi ahli yang dari Tim Hukum Nasional Anies Baswedan-Muhaimin Iskandar dalam sidang PHPU di Mahkamah Konstitusi. Faisal menyampaikan paparan bertajuk Bansos Menjelang Pemilu 2024 Sangat Ugal-Ugalan untuk Memenangkan Prabowo-Gibran . https://t.co/shsuXWnxbg","1774741670690730266","https://pbs.twimg.com/ext_tw_video_thumb/1774741612402528256/pu/img/0jlW2Zogm_fZa-On.jpg","","in","Jawa Tengah ","3","23","141","https://twitter.com/gilang_ahm31272/status/1774741670690730266","1653142840254566400","gilang_ahm31272"
"1773959899577450822","Sat Mar 30 06:26:13 +0000 2024","27","psi obsession towards anies should ne studied","1773959899577450822","","","en","seokjination","0","1","3","https://twitter.com/seokjinief/status/1773959899577450822","1229105470222131201","seokjinief"
"1772999143700468031","Wed Mar 27 14:48:31 +0000 2024","1","Anies Baswedan: Indonesia is in crisis power is being openly abused #aniesbaswedan #pemilu2024 #PemiluDamaiNegeriMaju #beritaterkini #beritaviral #newsindonesia #TrendingNow https://t.co/xr5s0iOHZR","1772999143700468031","https://pbs.twimg.com/ext_tw_video_thumb/1772997807265427456/pu/img/WtpRfVE9teayADj1.jpg","","en","Indonesia","0","0","0","https://twitter.com/suryadiakbar59/status/1772999143700468031","1469361179378155520","suryadiakbar59"
"1772947863128994232","Wed Mar 27 11:24:45 +0000 2024","43","meanwhile in 2014 dan 2019 https://t.co/oYYAhsTknO","1772947863128994232","https://pbs.twimg.com/media/GJrGrUcagAAeJ6Y.jpg","","en","yang pasti bukan di rumah abah","0","0","2","https://twitter.com/AniesCore/status/1772947863128994232","1764453319702147072","AniesCore"
"1774265741380043172","Sun Mar 31 02:41:31 +0000 2024","26162","Makanya Anies Baswedan tuh pengen mengusahakan agar pendidikan tinggi bisa inklusif. Ganjar Pranowo pengen satu keluarga ada satu sarjana. Demi Indonesia yang lebih baik. Eh rakyat Indonesia malah milih yang ngasih makan siang hoax tanpa nutrisi.","1774265741380043172","","","in","Jakarta Selatan, Indonesia","312","31","9382","https://twitter.com/ivyclover13/status/1774265741380043172","366567010","ivyclover13"
